flops,numblocks,seconds,cycles
4252509048.000000,5,1.844875,3505262769.000000
19135300563.000000,10,8.754138,16632862030.000000
44648264528.000000,15,20.299160,38568404824.000000
80791400943.000000,20,35.437662,67331558027.000000
127564709808.000000,25,55.143946,104773497656.000000
184968191123.000000,30,82.249710,156274448441.000000
