flops,blocksize,overlap,seconds,cycles
19135300563.000000,48,8,8.859558,16833159971.000000
38561543955.000000,64,16,18.613019,35364736625.000000
55759143123.000000,80,24,27.253157,51780998332.000000
68817068307.000000,96,32,34.712661,65954055074.000000
76461299667.000000,112,40,39.975763,75953949966.000000
78054827283.000000,128,48,41.824188,79465957314.000000
73597651155.000000,144,56,40.752661,77430055689.000000
