flops,blocksize,overlap,seconds,cycles
19135300563.0,48,8,9.62197373826087,22130539598.0
38561543955.0,64,16,20.216429363478262,46497787536.0
55759143123.0,80,24,31.008455500869566,71319447652.0
68817068307.0,96,32,39.117660013043476,89970618030.0
76461299667.0,112,40,45.74241145304348,105207546342.0
78054827283.0,128,48,48.252064795652174,110979749030.0
73597651155.0,144,56,46.89136840347826,107850147328.0
