flops,numblocks,seconds,cycles
4252509048.0,5,2.0910309330434784,4809371146.0
19135300563.0,10,9.509595453913043,21872069544.0
44648264528.0,15,22.34079268,51383823164.0
80791400943.0,20,39.809735530434786,91562391720.0
127564709808.0,25,62.669174569565214,144139101510.0
184968191123.0,30,91.08315827391304,209491264030.0
