flops,blocksize,overlap,seconds,cycles
19135300563.000000,48,8,12.334488,28369322348.000000
38561543955.000000,64,16,25.032867,57575593646.000000
55759143123.000000,80,24,35.314578,81223528266.000000
68817068307.000000,96,32,46.564076,107097375266.000000
76461299667.000000,112,40,52.684466,121174272378.000000
78054827283.000000,128,48,53.769633,123670156370.000000
73597651155.000000,144,56,50.962579,117213931890.000000
