flops,numblocks,seconds,cycles
4252509048.000000,5,2.854518,6565391340.000000
19135300563.000000,10,12.346643,28397279538.000000
44648264528.000000,15,28.630662,65850523422.000000
80791400943.000000,20,50.391236,115899842636.000000
127564709808.000000,25,78.862188,181383033272.000000
184968191123.000000,30,114.491426,263330278720.000000
