lops,blocksize,overlap,seconds,cycles
19135300563.000000,48,8,9.306639,21405268872.000000
38561543955.000000,64,16,20.589752,47356429334.000000
55759143123.000000,80,24,31.766600,73063180276.000000
68817068307.000000,96,32,39.904999,91781496714.000000
76461299667.000000,112,40,45.852876,105461613788.000000
78054827283.000000,128,48,47.733392,109786801584.000000
73597651155.000000,144,56,46.520661,106997521202.000000
