flops,numblocks,seconds,cycles
4252509048.000000,5,2.037771,4686873888.000000
19135300563.000000,10,9.325748,21449221366.000000
44648264528.000000,15,22.039611,50691105422.000000
80791400943.000000,20,39.319280,90434343552.000000
127564709808.000000,25,61.721484,141959413572.000000
184968191123.000000,30,90.660408,208518937300.000000
