flops,blocksize,overlap,seconds,cycles
12800040870.000000,48,8,0.746626,1418589105.000000
23841646246.000000,64,16,0.956036,1816467875.000000
32486194598.000000,80,24,1.662214,3158206655.000000
38261826726.000000,96,32,1.655435,3145327318.000000
40932613030.000000,112,40,2.034565,3865674062.000000
40498553510.000000,128,48,1.801804,3423428228.000000
37195577766.000000,144,56,2.041571,3878984946.000000
