flops,numblocks,seconds,cycles
3199954920.000000,5,0.144888,275286687.000000
12800040870.000000,10,0.679486,1291023951.000000
28800184120.000000,15,1.574972,2992447605.000000
51200384670.000000,20,2.894637,5499809625.000000
80000642520.000000,25,4.567236,8677748948.000000
115200957670.000000,30,6.630412,12597782971.000000
