flops,blocksize,overlap,seconds,cycles
12800040870.000000,48,8,0.670715,1274358690.000000
23841646246.000000,64,16,0.894045,1698686396.000000
32486194598.000000,80,24,1.478301,2808771890.000000
38261826726.000000,96,32,1.763209,3350096947.000000
40932613030.000000,112,40,1.923391,3654442117.000000
40498553510.000000,128,48,1.843632,3502900186.000000
37195577766.000000,144,56,1.746797,3318914564.000000
