flops,numblocks,seconds,cycles
3199954920.000000,5,0.135044,310601292.000000
12800040870.000000,10,0.617349,1419903534.000000
28800184120.000000,15,1.443272,3319525274.000000
51200384670.000000,20,2.637048,6065209742.000000
80000642520.000000,25,4.145842,9535436792.000000
115200957670.000000,30,6.015533,13835725304.000000
