flops,numblocks,seconds,cycles
3199954920.000000,5,0.169313,321693995.000000
12800040870.000000,10,0.732565,1391873536.000000
28800184120.000000,15,1.774017,3370632605.000000
51200384670.000000,20,3.139748,5965521912.000000
80000642520.000000,25,5.158751,9801627539.000000
115200957670.000000,30,7.200324,13680615240.000000
