flops,blocksize,overlap,seconds,cycles
12800040870.000000,48,8,0.638241,1467953522.000000
23841646246.000000,64,16,0.833737,1917595366.000000
32486194598.000000,80,24,1.531465,3522370596.000000
38261826726.000000,96,32,1.563735,3596590394.000000
40932613030.000000,112,40,2.085206,4795973286.000000
40498553510.000000,128,48,1.896917,4362909954.000000
37195577766.000000,144,56,2.105628,4842945192.000000
