flops,numblocks,seconds,cycles
3199954920.000000,5,1.624578,3736528806.000000
12800040870.000000,10,7.837597,18026472978.000000
28800184120.000000,15,18.691133,42989605206.000000
51200384670.000000,20,34.170974,78593240408.000000
80000642520.000000,25,54.310004,124913010136.000000
115200957670.000000,30,79.209367,182181544422.000000
