flops,numblocks,seconds,cycles
3199954920.000000,5,1.122083,2131958575.000000
12800040870.000000,10,5.252235,9979246786.000000
28800184120.000000,15,11.870660,22554254019.000000
51200384670.000000,20,21.059968,40013939145.000000
80000642520.000000,25,33.241940,63159685326.000000
115200957670.000000,30,48.309255,91787584784.000000
