flops,blocksize,overlap,seconds,cycles
12800040870.000000,48,8,7.862533,18083826552.000000
23841646246.000000,64,16,17.439224,40110216346.000000
32486194598.000000,80,24,26.909367,61891544220.000000
38261826726.000000,96,32,35.330089,81259204942.000000
40932613030.000000,112,40,41.479487,95402820400.000000
40498553510.000000,128,48,43.495697,100040104004.000000
37195577766.000000,144,56,41.552813,95571470736.000000
