flops,blocksize,overlap,seconds,cycles
12800040870.000000,48,8,5.202978,9885658353.000000
23841646246.000000,64,16,11.887167,22585617065.000000
32486194598.000000,80,24,18.134792,34456104363.000000
38261826726.000000,96,32,23.644846,44925207705.000000
40932613030.000000,112,40,28.115026,53418550064.000000
40498553510.000000,128,48,29.901819,56813456241.000000
37195577766.000000,144,56,28.522108,54192005144.000000
