flops,blocksize,overlap,seconds,cycles
12800040870.0,48,8,7.918096167826087,18211621186.0
23841646246.0,64,16,17.51946217826087,40294763010.0
32486194598.0,80,24,27.04248052608696,62197705210.0
38261826726.0,96,32,35.2553080373913,81087208486.0
40932613030.0,112,40,41.03840311478261,94388327164.0
40498553510.0,128,48,43.19907507652174,99357872676.0
37195577766.0,144,56,41.47680574608696,95396653216.0
