flops,blocksize,overlap,seconds,cycles
12800040870.000000,48,8,8.388554,19293673666.000000
23841646246.000000,64,16,18.529981,42618957278.000000
32486194598.000000,80,24,28.169629,64790146514.000000
38261826726.000000,96,32,38.537590,88636457754.000000
40932613030.000000,112,40,45.527413,104713050566.000000
40498553510.000000,128,48,48.096255,110621386170.000000
37195577766.000000,144,56,46.011742,105827007550.000000
