flops,numblocks,seconds,cycles
3199954920.000000,5,1.887409,4341041010.000000
12800040870.000000,10,8.515118,19584771410.000000
28800184120.000000,15,19.620590,45127357960.000000
51200384670.000000,20,35.361584,81331643440.000000
80000642520.000000,25,55.820195,128386447544.000000
115200957670.000000,30,80.919854,186115663098.000000
