flops,numblocks,seconds,cycles
3199954920.0,5,1.6532729652173912,3802527820.0
12800040870.0,10,7.88314874,18131242102.0
28800184120.0,15,18.75847904347826,43144501800.0
51200384670.0,20,34.27813841217392,78839718348.0
80000642520.0,25,54.42161510956522,125169714752.0
115200957670.0,30,79.23694731652174,182244978828.0
