flops,numblocks,seconds,cycles
3199954920.000000,5,0.134544,309451148.000000
12800040870.000000,10,0.630466,1450071222.000000
28800184120.000000,15,1.450393,3335903436.000000
51200384670.000000,20,2.628722,6046060724.000000
80000642520.000000,25,4.159209,9566181572.000000
115200957670.000000,30,6.027592,13863460532.000000

