flops,blocksize,overlap,seconds,cycles
22957360083.000000,48,8,14.652987,33701870694.000000
51407910675.000000,64,16,33.562822,77194490914.000000
79647015123.000000,80,24,52.884758,121634942564.000000
103215603987.000000,96,32,69.651819,160199183602.000000
118928627667.000000,112,40,80.938964,186159616806.000000
124875056403.000000,128,48,85.351680,196308864770.000000
120417880275.000000,144,56,82.975885,190844535084.000000
