flops,numblocks,seconds,cycles
5101855608.0,5,3.23198548,7433566604.0
22957360083.0,10,14.659238466956522,33716248474.0
53566403408.0,15,34.294503902608696,78877358976.0
96928985583.0,20,62.158941866956525,142965566294.0
153045106608.0,25,98.18014114173913,225814324626.0
221914766483.0,30,142.45815912956522,327653765998.0
