flops,numblocks,seconds,cycles
5101855608.000000,5,1.258598,2894775276.000000
22957360083.000000,10,5.717544,13150351068.000000
53566403408.000000,15,13.418733,30863086518.000000
96928985583.000000,20,24.370791,56052819078.000000
153045106608.000000,25,38.412525,88348808614.000000
221914766483.000000,30,55.780043,128294099656.000000
