flops,numblocks,seconds,cycles
5101855608.000000,5,3.231501,7432452110.000000
22957360083.000000,10,14.652651,33701097342.000000
53566403408.000000,15,34.278539,78840638796.000000
96928985583.000000,20,62.126355,142890617276.000000
153045106608.000000,25,98.176223,225805313256.000000
221914766483.000000,30,142.632252,328054179486.000000
