flops,blocksize,overlap,seconds,cycles
22957360083.0,48,8,14.666654733913044,33733305888.0
51407910675.0,64,16,33.57983066260869,77233610524.0
79647015123.0,80,24,52.88098128869565,121626256964.0
103215603987.0,96,32,69.3489906252174,159502678438.0
118928627667.0,112,40,80.72672616695652,185671470184.0
124875056403.0,128,48,85.34509828347826,196293726052.0
120417880275.0,144,56,82.90335248695652,190677710720.0
