flops,blocksize,overlap,seconds,cycles
22957360083.000000,48,8,5.729988,13178972158.000000
51407910675.000000,64,16,6.399243,14718259438.000000
79647015123.000000,80,24,11.224345,25815994338.000000
103215603987.000000,96,32,14.519436,33394701870.000000
118928627667.000000,112,40,21.757219,50041604692.000000
124875056403.000000,128,48,23.642192,54377041750.000000
120417880275.000000,144,56,25.098714,57727041834.000000
