flops,blocksize,overlap,seconds,cycles
22957360083.000000,48,8,17.713634,33655905094.000000
51407910675.000000,64,16,41.373052,78608799047.000000
79647015123.000000,80,24,66.140907,125667722464.000000
103215603987.000000,96,32,87.209051,165697197774.000000
118928627667.000000,112,40,102.138877,194063866376.000000
124875056403.000000,128,48,108.868762,206850648728.000000
120417880275.000000,144,56,106.145468,201676388933.000000
