flops,numblocks,seconds,cycles
5101855608.000000,5,3.941443,7488740938.000000
22957360083.000000,10,17.830432,33877820724.000000
53566403408.000000,15,41.701256,79232386989.000000
96928985583.000000,20,75.192707,142866143176.000000
153045106608.000000,25,119.128021,226343239710.000000
221914766483.000000,30,173.169591,329022223834.000000
