flops,numblocks,seconds,cycles
3199954920.000000,5,0.134188,308633086.000000
12800040870.000000,10,0.616074,1416970384.000000
28800184120.000000,15,1.526203,3510266124.000000
51200384670.000000,20,2.624530,6036418030.000000
80000642520.000000,25,4.135511,9511674184.000000
115200957670.000000,30,6.004934,13811349150.000000
