flops,numblocks,seconds,cycles
3199954920.000000,5,0.134507,309365994.000000
12800040870.000000,10,0.617402,1420025130.000000
28800184120.000000,15,1.446988,3328071672.000000
51200384670.000000,20,2.637036,6065182326.000000
80000642520.000000,25,4.152315,9550324524.000000
115200957670.000000,30,6.010083,13823190958.000000
