flops,blocksize,overlap,seconds,cycles
12800040870.000000,48,8,0.615309,1415211438.000000
23841646246.000000,64,16,0.828879,1906421104.000000
32486194598.000000,80,24,1.533031,3525970374.000000
38261826726.000000,96,32,1.549337,3563475692.000000
40932613030.000000,112,40,2.070157,4761361596.000000
40498553510.000000,128,48,1.876271,4315424234.000000
37195577766.000000,144,56,2.115056,4864627874.000000
