flops,blocksize,overlap,seconds,cycles
12800040870.0,48,8,0.6159997260869565,1416799370.0
23841646246.0,64,16,0.833234927826087,1916440334.0
32486194598.0,80,24,1.5355984704347827,3531876482.0
38261826726.0,96,32,1.554020352173913,3574246810.0
40932613030.0,112,40,2.090035304347826,4807081200.0
40498553510.0,128,48,1.8714935217391304,4304435100.0
37195577766.0,144,56,2.10757818,4847429814.0
