flops,numblocks,seconds,cycles
3199954920.0,5,0.1345538695652174,309473900.0
12800040870.0,10,0.6194096243478261,1424642136.0
28800184120.0,15,1.4529081243478261,3341688686.0
51200384670.0,20,2.6229099460869567,6032692876.0
80000642520.0,25,4.190345964347826,9637795718.0
115200957670.0,30,6.023571760869565,13854215050.0
