flops,blocksize,overlap,seconds,cycles
12800040870.000000,48,8,0.647586,1489447286.000000
23841646246.000000,64,16,0.861863,1982284596.000000
32486194598.000000,80,24,1.562034,3592677622.000000
38261826726.000000,96,32,1.537216,3535597400.000000
40932613030.000000,112,40,2.069942,4760867746.000000
40498553510.000000,128,48,1.877460,4318157156.000000
37195577766.000000,144,56,2.078192,4779842712.000000
